date,group,home_team,away_team,home_goals,away_goals,source
2026-06-11,A,Mexico,South Africa,2,0,official_wc26_results
2026-06-11,A,South Korea,Czechia,2,1,official_wc26_results
2026-06-12,B,Canada,Bosnia-Herzegovina,1,1,official_wc26_results
2026-06-12,D,United States,Paraguay,4,1,official_wc26_results
2026-06-13,B,Qatar,Switzerland,1,1,official_wc26_results
2026-06-13,C,Brazil,Morocco,1,1,official_wc26_results
2026-06-13,C,Haiti,Scotland,0,1,official_wc26_results
2026-06-14,D,Australia,Turkey,2,0,official_wc26_results
2026-06-14,E,Germany,Curaçao,7,1,official_wc26_results
2026-06-14,F,Netherlands,Japan,2,2,official_wc26_results
2026-06-14,E,Ivory Coast,Ecuador,1,0,official_wc26_results
2026-06-14,F,Sweden,Tunisia,5,1,official_wc26_results
2026-06-15,H,Spain,Cape Verde Islands,0,0,official_wc26_results
2026-06-15,G,Belgium,Egypt,1,1,official_wc26_results
2026-06-15,H,Saudi Arabia,Uruguay,1,1,official_wc26_results
2026-06-15,G,Iran,New Zealand,2,2,official_wc26_results
2026-06-16,I,France,Senegal,3,1,official_wc26_results
2026-06-16,I,Iraq,Norway,1,4,official_wc26_results
2026-06-16,J,Argentina,Algeria,3,0,official_wc26_results
2026-06-17,J,Austria,Jordan,3,1,official_wc26_results
2026-06-17,K,Portugal,Congo DR,1,1,official_wc26_results
2026-06-17,L,England,Croatia,4,2,official_wc26_results
2026-06-17,L,Ghana,Panama,1,0,official_wc26_results
2026-06-17,K,Uzbekistan,Colombia,1,3,official_wc26_results
2026-06-18,A,Czechia,South Africa,1,1,official_wc26_results
2026-06-18,B,Switzerland,Bosnia-Herzegovina,4,1,official_wc26_results
2026-06-18,B,Canada,Qatar,6,0,official_wc26_results
2026-06-18,A,Mexico,South Korea,1,0,official_wc26_results
2026-06-19,D,United States,Australia,2,0,official_wc26_results
2026-06-19,C,Scotland,Morocco,0,1,official_wc26_results
2026-06-19,C,Brazil,Haiti,3,0,official_wc26_results
2026-06-19,D,Turkey,Paraguay,0,1,official_wc26_results
2026-06-20,F,Netherlands,Sweden,5,1,official_wc26_results
2026-06-20,E,Germany,Ivory Coast,2,1,official_wc26_results
2026-06-20,E,Ecuador,Curaçao,0,0,official_wc26_results
2026-06-21,F,Tunisia,Japan,0,4,official_wc26_results
2026-06-21,H,Spain,Saudi Arabia,4,0,official_wc26_results
2026-06-21,G,Belgium,Iran,0,0,official_wc26_results
2026-06-21,H,Uruguay,Cape Verde Islands,2,2,official_wc26_results
2026-06-21,G,New Zealand,Egypt,1,3,official_wc26_results
2026-06-22,J,Argentina,Austria,2,0,official_wc26_results
2026-06-22,I,France,Iraq,3,0,official_wc26_results
2026-06-22,I,Norway,Senegal,3,2,official_wc26_results
2026-06-22,J,Jordan,Algeria,1,2,official_wc26_results
2026-06-23,K,Portugal,Uzbekistan,5,0,official_wc26_results
2026-06-23,L,England,Ghana,0,0,official_wc26_results
2026-06-23,L,Panama,Croatia,0,1,official_wc26_results
2026-06-23,K,Colombia,Congo DR,1,0,official_wc26_results
2026-06-24,B,Switzerland,Canada,2,1,official_wc26_results
2026-06-24,B,Bosnia-Herzegovina,Qatar,3,1,official_wc26_results
2026-06-24,C,Morocco,Haiti,4,2,official_wc26_results
2026-06-24,C,Scotland,Brazil,0,3,official_wc26_results
2026-06-24,A,Czechia,Mexico,0,3,official_wc26_results
2026-06-24,A,South Africa,South Korea,1,0,official_wc26_results
2026-06-25,E,Ecuador,Germany,2,1,official_wc26_results
2026-06-25,E,Curaçao,Ivory Coast,0,2,official_wc26_results
2026-06-25,F,Tunisia,Netherlands,1,3,official_wc26_results
2026-06-25,F,Japan,Sweden,1,1,official_wc26_results
2026-06-25,D,Turkey,United States,3,2,official_wc26_results
2026-06-25,D,Paraguay,Australia,0,0,official_wc26_results
2026-06-26,I,Norway,France,1,4,official_wc26_results
2026-06-26,I,Senegal,Iraq,5,0,official_wc26_results
2026-06-26,H,Uruguay,Spain,0,1,official_wc26_results
2026-06-26,H,Cape Verde Islands,Saudi Arabia,0,0,official_wc26_results
2026-06-26,G,New Zealand,Belgium,1,5,official_wc26_results
2026-06-26,G,Egypt,Iran,1,1,official_wc26_results
2026-06-27,L,Panama,England,0,2,official_wc26_results
2026-06-27,L,Croatia,Ghana,2,1,official_wc26_results
2026-06-27,K,Colombia,Portugal,0,0,official_wc26_results
2026-06-27,K,Congo DR,Uzbekistan,3,1,official_wc26_results
2026-06-27,J,Jordan,Argentina,1,3,official_wc26_results
2026-06-27,J,Algeria,Austria,3,3,official_wc26_results
2026-06-28,OTHER,South Africa,Canada,0,1,official_wc26_results
2026-06-29,OTHER,Brazil,Japan,2,1,official_wc26_results
2026-06-29,OTHER,Germany,Paraguay,4,5,official_wc26_results
2026-06-29,OTHER,Netherlands,Morocco,3,4,official_wc26_results
2026-06-30,OTHER,Ivory Coast,Norway,1,2,official_wc26_results
2026-06-30,OTHER,France,Sweden,3,0,official_wc26_results
2026-06-30,OTHER,Mexico,Ecuador,2,0,official_wc26_results
2026-07-01,OTHER,England,Congo DR,2,1,official_wc26_results
2026-07-01,OTHER,Belgium,Senegal,3,2,official_wc26_results
2026-07-01,OTHER,United States,Bosnia-Herzegovina,2,0,official_wc26_results
2026-07-02,OTHER,Spain,Austria,3,0,official_wc26_results
2026-07-02,OTHER,Portugal,Croatia,2,1,official_wc26_results
2026-07-02,OTHER,Switzerland,Algeria,2,0,official_wc26_results
2026-07-03,OTHER,Australia,Egypt,3,5,official_wc26_results
2026-07-03,OTHER,Argentina,Cape Verde Islands,3,2,official_wc26_results
2026-07-03,OTHER,Colombia,Ghana,1,0,official_wc26_results
2026-07-04,OTHER,Canada,Morocco,0,3,official_wc26_results
2026-07-04,OTHER,Paraguay,France,0,1,official_wc26_results
2026-07-05,OTHER,Brazil,Norway,1,2,official_wc26_results
2026-07-05,OTHER,Mexico,England,2,3,official_wc26_results
2026-07-06,OTHER,Portugal,Spain,0,1,official_wc26_results
2026-07-06,OTHER,United States,Belgium,1,4,official_wc26_results
2026-07-07,OTHER,Argentina,Egypt,3,2,official_wc26_results
2026-07-07,OTHER,Switzerland,Colombia,4,3,official_wc26_results
2026-07-09,OTHER,France,Morocco,2,0,official_wc26_results
2026-07-10,OTHER,Spain,Belgium,2,1,official_wc26_results
2026-07-11,OTHER,Norway,England,1,2,official_wc26_results
2026-07-11,OTHER,Argentina,Switzerland,3,1,official_wc26_results
2026-07-14,OTHER,France,Spain,0,2,official_wc26_results
2026-07-15,OTHER,England,Argentina,1,2,official_wc26_results
2026-07-18,OTHER,France,England,4,6,official_wc26_results
2026-07-19,OTHER,Spain,Argentina,1,0,official_wc26_results
